{
  "baseline@0.50": {
    "thr": 0.5,
    "accuracy": 0.6625097427903351,
    "balanced_accuracy": 0.6480510227306463,
    "macro_f1": 0.6491899097556246,
    "fake_f1": 0.5808325266214908,
    "report": {
      "0": {
        "precision": 0.6823821339950372,
        "recall": 0.7565337001375516,
        "f1-score": 0.7175472928897586,
        "support": 727.0
      },
      "1": {
        "precision": 0.6289308176100629,
        "recall": 0.539568345323741,
        "f1-score": 0.5808325266214908,
        "support": 556.0
      },
      "accuracy": 0.6625097427903351,
      "macro avg": {
        "precision": 0.65565647580255,
        "recall": 0.6480510227306463,
        "f1-score": 0.6491899097556246,
        "support": 1283.0
      },
      "weighted avg": {
        "precision": 0.6592185081882985,
        "recall": 0.6625097427903351,
        "f1-score": 0.6583006755513666,
        "support": 1283.0
      }
    },
    "cm": [
      [
        550,
        177
      ],
      [
        256,
        300
      ]
    ]
  },
  "macroF1_opt@VAL": {
    "val_choice": {
      "thr": 0.335,
      "f1": 0.6770963704630788,
      "prec": 0.5509164969450102,
      "rec": 0.8782467532467533
    },
    "test": {
      "thr": 0.335,
      "accuracy": 0.5775526110678099,
      "balanced_accuracy": 0.6136977625602407,
      "macro_f1": 0.5618346103437847,
      "fake_f1": 0.6448230668414154,
      "report": {
        "0": {
          "precision": 0.7955271565495208,
          "recall": 0.3425034387895461,
          "f1-score": 0.47884615384615387,
          "support": 727.0
        },
        "1": {
          "precision": 0.5072164948453608,
          "recall": 0.8848920863309353,
          "f1-score": 0.6448230668414154,
          "support": 556.0
        },
        "accuracy": 0.5775526110678099,
        "macro avg": {
          "precision": 0.6513718256974408,
          "recall": 0.6136977625602407,
          "f1-score": 0.5618346103437847,
          "support": 1283.0
        },
        "weighted avg": {
          "precision": 0.6705850459435091,
          "recall": 0.5775526110678099,
          "f1-score": 0.5507737950194707,
          "support": 1283.0
        }
      },
      "cm": [
        [
          249,
          478
        ],
        [
          64,
          492
        ]
      ]
    }
  },
  "constrained@VAL(recall>=0.75)": {
    "val_choice": {
      "thr": 0.37,
      "prec": 0.5905707196029777,
      "rec": 0.7727272727272727,
      "f1": 0.6694796061884669
    },
    "test": {
      "thr": 0.37,
      "accuracy": 0.627435697583788,
      "balanced_accuracy": 0.6412155007768201,
      "macro_f1": 0.6273159289238921,
      "fake_f1": 0.6339969372128637,
      "report": {
        "0": {
          "precision": 0.7335834896810507,
          "recall": 0.5378266850068776,
          "f1-score": 0.6206349206349207,
          "support": 727.0
        },
        "1": {
          "precision": 0.552,
          "recall": 0.7446043165467626,
          "f1-score": 0.6339969372128637,
          "support": 556.0
        },
        "accuracy": 0.627435697583788,
        "macro avg": {
          "precision": 0.6427917448405254,
          "recall": 0.6412155007768201,
          "f1-score": 0.6273159289238921,
          "support": 1283.0
        },
        "weighted avg": {
          "precision": 0.6548925931396133,
          "recall": 0.627435697583788,
          "f1-score": 0.6264254749742318,
          "support": 1283.0
        }
      },
      "cm": [
        [
          391,
          336
        ],
        [
          142,
          414
        ]
      ]
    }
  }
}